approved,country,drugbank-id,expiration,number,pediatric
1993-01-19,United States,BIOD00024,2010-01-19,5180668,False
1999-03-02,Canada,BIOD00071,2016-03-02,1340417,False
2004-10-26,Canada,BIOD00001,2013-05-28,2137237,False
2000-06-27,United States,BIOD00052,2012-10-23,36755,False
2009-01-27,United States,DB02351,2029-01-27,7582727,True
2000-11-13,United States,BIOD00009,2020-11-13,9914802,False
2009-06-30,Canada,BIOD00043,2017-04-23,2203480,False
2002-11-05,Canada,BIOD00032,2014-08-16,2147124,False
2001-02-26,United States,BIOD00113,2021-02-26,7500964,False
2007-12-18,Canada,BIOD00013,2012-04-15,2107476,False
1997-05-27,Canada,DB08923,2014-05-27,1339047,False
2001-02-02,United States,BIOD00025,2021-02-02,RE40812,False
1997-07-29,Canada,BIOD00094,2014-07-29,1339071,False
2000-12-05,Canada,BIOD00035,2017-12-05,1341150,False
0002-02-26,Canada,BIOD00048,2016-10-31,2329474,False
1995-11-24,United States,BIOD00020,2015-11-24,5840566,False
1997-09-23,Canada,DBSALT002413,2014-09-23,1339477,False
2001-11-27,Canada,BIOD00060,2018-11-27,1341322,False
2009-08-11,United States,DB08914,2029-08-11,9943571,False
2003-06-17,Canada,BIOD00019,2020-06-17,1341432,False
2005-08-30,United States,BIOD00017,2022-08-30,6936694,False
2000-10-03,Canada,DB00037,2016-03-26,2172664,False
2003-05-06,United States,BIOD00061,2023-05-06,7579321,False
1998-12-15,Canada,BIOD00081,2015-12-15,1340233,False
1995-06-16,United States,BIOD00056,2015-06-16,5767251,False
2004-03-02,United States,DB01310,2024-03-02,9827379,False
2015-12-10,United States,DB01308,2035-12-10,9950039,False
2002-07-16,Canada,BIOD00090,2015-05-03,2148537,False
1999-04-23,United States,BIOD00115,2019-04-23,6319192,False
2002-09-17,Canada,BIOD00049,2017-02-10,2243459,False
2006-07-17,United States,DB06417,2026-07-17,9775953,False
1993-08-27,United States,BIOD00026,2013-08-27,5549892,False
2002-05-07,Canada,BIOD00041,2019-05-07,1341357,False
2002-01-15,Canada,BIOD00068,2011-02-22,2036894,False
1993-12-17,United States,BIOD00077,2013-12-17,5585089,False
2010-05-04,Canada,BIOD00093,2027-05-04,1341604,False
2001-04-20,United States,DB00064,2021-04-20,6723303,False
1995-09-15,United States,BIOD00063,2015-09-15,5807825,False
2001-02-06,Canada,BIOD00004,2012-03-18,2106299,False
2004-04-02,United States,DB09024,2024-04-02,7741268,False
2015-01-30,United States,DB09392,2035-01-30,9937223,False
1998-03-10,Canada,BIOD00078,2015-03-10,1339707,False
2005-03-22,Canada,BIOD00098,2012-06-15,2103059,False
1998-04-07,United States,BIOD00014,2015-04-07,5736137,False
1999-03-09,Canada,BIOD00073,2011-03-11,2038279,False
2008-07-15,Canada,BIOD00069,2013-11-12,2149329,False
2010-11-23,United States,BIOD00111,2030-11-23,9138456,False
1997-03-25,United States,BIOD00044,2017-03-25,5849535,False
2001-05-15,Canada,BIOD00092,2014-06-07,2310845,False
2008-02-20,United States,DB05356,2028-02-20,7658918,False
1997-08-05,Canada,BIOD00109,2014-08-05,1339198,False
2014-05-11,United States,BIOD00003,2034-05-11,9669974,False
1995-06-16,United States,BIOD00104,2015-06-16,5767067,False
1995-06-16,United States,BIOD00034,2015-06-16,5767251,False
1997-07-29,Canada,DB09560,2014-07-29,1339071,False
1999-12-07,Canada,BIOD00053,2015-12-15,1340846,False
2007-06-26,Canada,BIOD00075,2017-09-12,2265464,False
1995-11-19,United States,BIOD00088,2015-11-19,5753618,True
1999-06-15,Canada,DB05600,2015-10-10,2201749,False
1996-12-11,United States,BIOD00051,2016-12-11,6699833,False
2009-08-18,Canada,BIOD00106,2016-06-06,2224008,False
2000-10-31,Canada,BIOD00097,2015-08-09,2197684,False
2003-09-16,Canada,BIOD00087,2012-10-28,2145985,False
2004-07-28,United States,EXPT00965,2024-07-28,9415007,False
2004-09-01,United States,DB11317,2024-09-01,7658914,False
1994-10-07,United States,NUTR00026,2011-10-07,5288703,False
2000-02-02,United States,DB05314,2020-02-02,6274169,True
2007-02-02,United States,APRD00428,2027-02-02,9943530,False
2013-02-18,United States,APRD00204,2033-02-18,9937132,False
1999-01-17,United States,APRD00506,2019-01-17,5994329,True
1993-11-02,Canada,APRD00328,2010-11-02,1323836,False
2000-05-10,United States,APRD00425,2020-05-10,7465462,False
2006-11-08,United States,APRD00133,2026-11-08,9388134,False
2000-08-30,United States,APRD00009,2020-08-30,7368469,False
1995-07-07,United States,APRD00976,2015-07-07,5776433,False
1998-04-09,United States,APRD00551,2018-04-09,6024981,False
2009-08-24,United States,APRD00480,2029-08-24,8846100,False
2009-04-30,United States,DB11303,2029-04-30,8940772,False
1992-08-30,United States,APRD00224,2009-08-30,4855290,False
2013-03-15,United States,APRD00954,2033-03-15,8829054,False
2012-11-03,United States,DB07475,2032-11-03,8962572,False
2008-12-26,United States,APRD00160,2028-12-26,9901640,False
2009-03-14,United States,APRD00093,2029-03-14,8440170,False
2002-04-11,United States,APRD00028,2022-04-11,7858118,False
1994-01-30,United States,APRD00245,2014-01-30,5540918,False
1997-11-13,United States,APRD00488,2017-11-13,6011049,False
1995-08-27,United States,APRD01148,2015-08-27,5952375,True
1996-11-14,United States,APRD01022,2016-11-14,5834448,False
1997-07-14,United States,APRD00673,2017-07-14,5972916,False
2000-04-22,United States,APRD00556,2020-04-22,6469012,True
1998-10-09,United States,APRD00367,2018-10-09,6124363,False
1999-03-31,United States,APRD00397,2019-03-31,7056893,False
2005-02-01,United States,APRD00393,2025-02-01,7410978,False
2002-12-23,United States,APRD00780,2022-12-23,9814690,False
2006-12-07,United States,APRD00073,2026-12-07,7544370,True
2001-10-23,Canada,APRD00147,2011-08-16,2049368,False
1997-08-29,United States,APRD00945,2017-08-29,6110940,False
2009-05-29,United States,APRD00281,2029-05-29,9114168,False
1999-08-31,Canada,APRD00003,2014-10-07,2173328,False
2000-10-19,United States,APRD00381,2020-10-19,7358366,True
1998-03-04,United States,APRD00069,2018-03-04,6645961,False
1995-06-06,Canada,APRD00990,2012-06-06,1335819,False
1997-12-12,United States,APRD00370,2017-12-12,5916595,False
2006-11-02,United States,APRD01198,2026-11-02,8945620,False
1993-05-18,United States,APRD00676,2010-05-18,5211954,False
2009-03-12,United States,DB08311,2029-03-12,8460704,False
1999-05-27,United States,APRD01300,2019-05-27,6503911,False
2000-04-13,United States,DB06396,2020-04-13,6649180,False
2000-05-18,United States,APRD00540,2020-05-18,7175855,False
2013-11-18,United States,APRD00345,2033-11-18,9517219,False
2014-10-23,United States,APRD00597,2034-10-23,9295652,False
2007-07-20,United States,APRD00839,2027-07-20,9089528,False
2015-07-09,United States,APRD00208,2035-07-09,9504655,False
2001-04-12,United States,APRD00302,2021-04-12,8303986,False
2007-11-16,United States,APRD00237,2027-11-16,9622983,False
2002-05-19,United States,APRD00223,2022-05-19,6878703,True
2007-09-26,United States,APRD00105,2027-09-26,7687516,False
2011-05-10,United States,DB05291,2031-05-10,9931403,False
1997-09-20,United States,APRD00125,2017-09-20,6274171,True
1999-05-06,United States,APRD00396,2019-05-06,8815934,False
2009-05-19,United States,APRD01271,2029-05-19,8754123,False
1997-05-26,United States,APRD00614,2017-05-26,5658590,True
2010-07-28,United States,APRD00766,2030-07-28,9757552,False
2013-07-01,United States,DB05354,2033-07-01,9549899,False
2004-05-23,United States,APRD00492,2024-05-23,8162915,False
2001-12-24,United States,APRD00247,2021-12-24,9585838,False
2000-06-17,United States,DB01730,2020-06-17,6579981,False
2009-09-03,United States,DB13426,2029-09-03,9891239,False
2005-03-04,United States,EXPT00508,2025-03-04,7947739,False
1997-11-15,United States,APRD00952,2017-11-15,5952323,True
2008-01-02,United States,APRD00284,2028-01-02,9539241,False
1996-10-05,United States,APRD00114,2016-10-05,5962731,False
1992-12-28,United States,APRD01025,2009-12-28,5155268,False
2005-05-22,United States,APRD00127,2025-05-22,7157584,False
1999-06-18,United States,APRD00066,2019-06-18,6419953,True
2001-05-28,United States,APRD00376,2021-05-28,6750237,True
2011-02-22,United States,APRD00252,2031-02-22,8461137,False
1997-05-05,United States,DB07998,2017-05-05,5770599,False
2012-01-03,United States,DB09471,2032-01-03,9107921,False
1999-02-22,United States,APRD00325,2019-02-22,6207661,False
1992-12-08,United States,DB05743,2009-12-08,5169849,False
1995-01-29,United States,APRD00445,2012-01-29,5236952,False
2012-04-23,United States,APRD01021,2032-04-23,9731082,False
2010-04-23,United States,APRD00109,2030-04-23,8734847,False
2014-06-11,United States,APRD01099,2034-06-11,9949998,False
2000-08-23,United States,APRD00537,2020-08-23,6988496,True
1998-09-30,United States,APRD00138,2018-09-30,6169084,False
1998-12-26,United States,APRD01182,2018-12-26,6423722,True
1999-04-09,United States,APRD00446,2019-04-09,6166213,True
2010-03-15,United States,APRD00630,2030-03-15,9750684,False
2001-02-25,United States,APRD00473,2021-02-25,6923984,False
1998-02-22,United States,APRD00490,2018-02-22,6149940,True
2013-02-02,United States,APRD01141,2033-02-02,9301932,False
1999-04-20,United States,DB08225,2019-04-20,6946120,False
2000-09-21,United States,APRD01092,2020-09-21,6592903,False
2001-12-20,United States,EXPT00605,2021-12-20,7214364,False
2004-11-17,United States,DB02692,2024-11-17,9433624,False
2001-04-12,United States,APRD01301,2021-04-12,7709444,False
1997-12-05,United States,APRD00470,2017-12-05,6106861,False
1999-04-13,Canada,APRD01003,2016-04-13,1340492,False
2013-02-18,United States,APRD00937,2033-02-18,9937132,False
2009-09-16,United States,APRD00106,2029-09-16,9615965,False
1999-12-21,Canada,APRD00148,2016-12-21,1340856,False
2010-06-08,Canada,APRD00685,2020-10-09,2386547,False
1995-07-11,Canada,APRD01095,2012-07-11,1336266,False
2002-04-19,United States,DB08625,2022-04-19,9907802,False
2004-12-16,United States,APRD01272,2024-12-16,9713599,False
1993-02-13,United States,APRD00884,2013-02-13,5490987,False
2011-09-09,United States,APRD00351,2031-09-09,9271975,False
2000-03-13,United States,DB02444,2020-03-13,6727253,False
2003-04-15,United States,APRD00520,2023-04-15,6696481,False
2013-10-23,United States,APRD00365,2033-10-23,9855246,False
2011-05-18,United States,DB11897,2031-05-18,9808587,False
1999-11-17,United States,APRD00700,2019-11-17,7393543,False
2008-09-10,United States,DB07438,2028-09-10,9737488,False
2003-10-27,United States,DB06286,2023-10-27,8052987,False
1995-06-06,United States,APRD00635,2012-06-06,5422123,False
1995-01-16,United States,APRD00431,2012-01-16,6319926,False
1998-04-09,United States,DB05925,2018-04-09,6024981,False
2001-10-26,United States,APRD00574,2021-10-26,9687487,False
1998-07-08,United States,APRD00162,2018-07-08,6013657,False
2002-10-07,United States,APRD00403,2022-10-07,8236345,False
2008-04-26,United States,APRD00156,2028-04-26,7695734,False
1993-05-13,United States,APRD01118,2013-05-13,5472969,False
2016-10-28,United States,APRD01234,2036-10-28,9757394,False
1999-12-16,United States,APRD00657,2019-12-16,9801823,False
2012-08-07,United States,APRD00095,2032-08-07,8236285,False
1996-03-01,United States,APRD00600,2016-03-01,5916893,True
2006-12-16,United States,APRD01275,2026-12-16,RE46284,False
2016-11-03,United States,APRD01142,2036-11-03,9770570,True
2012-02-29,United States,DB03027,2032-02-29,8546436,False
2012-06-15,United States,APRD00857,2032-06-15,9695122,False
1998-05-26,Canada,APRD00102,2011-12-11,2057444,False
1996-08-07,United States,APRD00103,2016-08-07,5763449,False
1993-05-15,United States,APRD00201,2010-05-15,4808614,False
1995-08-21,United States,APRD00948,2015-08-21,5206244,True
2010-08-31,United States,APRD00513,2030-08-31,9877974,False
1995-03-28,Canada,APRD01077,2012-03-28,1334970,False
1999-05-17,United States,APRD00077,2019-05-17,9901546,False
2004-03-14,United States,EXPT02993,2024-03-14,7691411,False
1998-06-01,United States,APRD00384,2018-06-01,6132758,False
1995-08-02,United States,APRD01290,2015-08-02,5707608,False
2013-10-23,United States,APRD01060,2033-10-23,9855246,False
2008-08-06,United States,APRD00571,2028-08-06,9345771,False
2002-10-24,United States,APRD00434,2022-10-24,8007830,False
1997-03-24,United States,APRD00530,2017-03-24,5945416,False
2000-03-10,United States,APRD00060,2020-03-10,6596756,True
1996-07-24,United States,APRD01303,2016-07-24,8288415,False
1997-03-10,United States,APRD00400,2017-03-10,8030330,False
1999-10-26,Canada,APRD00373,2014-11-14,2177576,False
2002-04-19,United States,APRD00034,2022-04-19,9907802,False
2015-08-31,United States,APRD01230,2035-08-31,9724297,False
1993-01-10,United States,APRD00526,2010-01-10,5006344,False
2000-06-29,United States,APRD00416,2020-06-29,6797732,False
1996-09-28,United States,APRD00449,2016-09-28,6417191,True
1996-08-21,United States,APRD00903,2016-08-21,6106864,False
2003-04-04,United States,APRD00387,2023-04-04,9907793,False
2015-01-02,United States,APRD00312,2035-01-02,9744170,False
1997-05-07,United States,APRD00558,2017-05-07,6117894,False
1996-01-26,United States,APRD00655,2016-01-26,RE38115,False
2001-03-20,Canada,APRD01269,2018-03-20,1341206,False
2012-12-21,United States,APRD00199,2032-12-21,9636407,False
1996-08-03,United States,APRD00017,2016-08-03,5932622,False
1996-02-07,United States,APRD00186,2016-02-07,5716988,True
1999-05-08,United States,APRD00951,2019-05-08,RE41065,True
1995-11-18,United States,APRD00151,2015-11-18,5691374,True
1994-12-04,United States,APRD00644,2011-12-04,4935507,False
2009-04-21,United States,EXPT00999,2029-04-21,9603796,False
1992-07-14,United States,APRD00993,2009-07-14,5130120,False
1992-09-29,United States,APRD00391,2009-09-29,4696949,False
2000-09-25,United States,APRD00495,2020-09-25,7247316,False
1997-12-19,United States,APRD00063,2017-12-19,6162802,False
2003-07-18,United States,EXPT03204,2023-07-18,7169401,False
2008-09-01,United States,APRD00910,2028-09-01,8277780,False
2007-09-18,United States,EXPT00598,2027-09-18,7700076,False
1999-06-01,Canada,APRD00377,2016-06-01,1340567,False
2008-07-02,United States,APRD00570,2028-07-02,9339504,False
2017-03-16,United States,APRD01177,2037-03-16,9789210,False
2000-02-22,Canada,APRD00378,2011-04-24,2081356,False
2006-05-15,United States,APRD00829,2026-05-15,8309126,False
2006-03-13,United States,APRD01307,2026-03-13,9694078,False
2013-01-02,United States,APRD00353,2033-01-02,9855215,False
2009-03-13,United States,APRD00337,2029-03-13,9750822,False
1998-08-18,Canada,APRD00874,2011-07-12,2087104,False
2008-10-16,United States,APRD00194,2028-10-16,8338489,False
1993-10-13,United States,DB07566,2013-10-13,5869100,False
1996-07-19,United States,APRD00697,2016-07-19,6107302,True
2003-08-12,Canada,DB07576,2016-02-12,2212836,False
1998-06-02,United States,APRD00543,2018-06-02,6632803,False
2001-01-18,United States,APRD01070,2021-01-18,6696493,False
2012-11-06,United States,APRD00510,2032-11-06,9855214,False
2002-07-17,United States,APRD00706,2022-07-17,6930119,False
2006-06-16,United States,APRD00527,2026-06-16,9827197,False
2000-10-11,United States,APRD00065,2020-10-11,9861771,False
2010-03-24,United States,APRD00977,2030-03-24,8932610,False
2013-06-19,United States,APRD01010,2033-06-19,8962028,False
1995-12-08,United States,APRD00992,2015-12-08,5846519,False
2001-09-15,United States,DB08769,2021-09-15,6514529,True
2014-03-13,United States,APRD01058,2034-03-13,9782425,False
2000-05-15,United States,APRD00627,2020-05-15,6495534,False
1994-07-15,United States,APRD00454,2014-07-15,5648093,False
1995-07-04,United States,DB03261,2015-07-04,5521184,True
2011-08-04,United States,APRD00422,2031-08-04,9555048,False
1997-12-05,United States,APRD01151,2017-12-05,6828313,False
2007-12-26,United States,APRD00088,2027-12-26,9364564,False
2014-02-11,United States,DB05275,2034-02-11,9662340,False
2004-01-13,United States,DB07709,2024-01-13,9744181,False
1998-03-15,United States,APRD00536,2018-03-15,6469035,False
2003-08-11,United States,APRD00561,2023-08-11,7488496,False
1998-07-14,United States,DB06189,2018-07-14,5661136,True
1999-06-29,Canada,APRD00933,2019-06-29,2156063,False
2012-07-04,United States,APRD00578,2032-07-04,9616049,True
2007-08-03,United States,APRD00340,2027-08-03,9504699,False
1997-11-17,United States,APRD00834,2017-11-17,5993856,False
1995-03-24,United States,DB06639,2015-03-24,5731296,False
2010-02-23,United States,APRD00104,2030-02-23,9597289,False
1997-01-24,United States,EXPT02075,2017-01-24,5344932,True
2003-08-18,United States,APRD00440,2023-08-18,7135465,True
2003-03-07,United States,APRD01080,2023-03-07,6946149,False
1997-07-29,Canada,APRD01065,2014-07-29,1339132,False
2007-03-27,United States,APRD00533,2027-03-27,7829120,False
2010-12-06,United States,APRD01226,2030-12-06,9095509,False
2001-12-03,United States,APRD00514,2021-12-03,7714006,False
1997-04-04,United States,APRD00335,2017-04-04,6096339,False
1999-07-25,Canada,APRD01129,2012-07-25,1336401,False
2004-11-23,United States,EXPT00496,2024-11-23,9833573,False
2010-10-21,United States,APRD00379,2030-10-21,9649456,False
2008-12-14,United States,APRD00583,2028-12-14,9233112,False
2015-09-18,United States,APRD00100,2035-09-18,9808465,False
1999-12-20,United States,EXPT01628,2019-12-20,7160559,False
1998-06-26,United States,APRD00123,2018-06-26,6127425,False
1995-01-24,Canada,APRD00052,2012-01-24,1334092,False
1996-10-12,United States,APRD00797,2016-10-12,5965156,False
2003-03-17,United States,APRD00582,2023-03-17,7696178,False
1999-01-20,United States,APRD01281,2019-01-20,6187341,False
1993-01-19,United States,APRD01175,2010-01-19,5180715,False
1994-11-29,Canada,APRD01602,2011-11-29,1333285,False
2005-04-21,United States,APRD00615,2025-04-21,7575757,False
2007-01-23,United States,APRD00521,2027-01-23,9271931,False
2001-11-28,United States,APRD00128,2021-11-28,6455557,False
2000-06-08,United States,APRD00707,2020-06-08,7157101,True
1997-11-11,United States,APRD00605,2017-11-11,6730679,False
1998-06-19,United States,APRD01026,2018-06-19,6248726,False
2005-03-26,United States,DB05067,2025-03-26,7375111,False
1999-06-07,United States,DB08563,2019-06-07,6177101,False
1995-11-20,United States,APRD00036,2015-11-20,5565467,False
1996-10-22,Canada,APRD00078,2013-04-27,2094974,False
2003-04-25,United States,APRD00681,2023-04-25,7820660,False
1997-04-21,United States,DB04635,2017-04-21,6143326,False
2006-08-04,United States,DB00715,2026-08-04,9393237,False
1992-08-22,United States,APRD01137,2012-08-22,RE38628,False
2000-03-29,United States,APRD00679,2020-03-29,6652880,False
1998-07-23,United States,APRD00781,2018-07-23,6451340,False
2015-11-06,United States,APRD00560,2035-11-06,9814751,False
2009-08-18,United States,APRD01030,2029-08-18,8598196,False
2012-03-11,United States,APRD00153,2032-03-11,9101592,False
2000-09-15,United States,APRD00593,2020-09-15,6878749,False
1997-12-10,United States,APRD00187,2017-12-10,6224905,True
2013-01-31,United States,APRD01131,2033-01-31,8778365,False
2002-05-31,United States,APRD00363,2022-05-31,9707181,False
2000-01-25,Canada,APRD00145,2012-10-22,2117466,False
2001-07-24,United States,DB07886,2021-07-24,7223387,False
1995-04-10,United States,APRD00989,2012-04-10,4916246,False
1993-12-09,United States,APRD00265,2010-12-09,4873259,False
2004-05-29,United States,APRD00534,2024-05-29,7297346,True
2007-06-15,United States,APRD00765,2027-06-15,9522191,False
1997-04-01,United States,APRD00180,2017-04-01,6031007,False
2000-11-29,United States,APRD00043,2020-11-29,7429602,False
2000-08-03,United States,APRD00362,2020-08-03,6387383,False
1994-05-03,Canada,APRD00518,2011-05-03,1329203,False
1999-12-10,United States,APRD00444,2019-12-10,6504030,True
1998-12-14,United States,APRD00572,2018-12-14,6350468,False
2011-08-17,United States,EXPT02153,2031-08-17,8680136,False
2001-11-29,United States,APRD01322,2021-11-29,7084130,False
2005-05-02,United States,APRD00579,2025-05-02,9782349,False
2012-02-08,United States,APRD00289,2032-02-08,8763222,False
2000-04-04,United States,APRD00049,2020-04-04,6746692,False
2012-05-19,United States,APRD00310,2032-05-19,9533053,False
1996-03-23,United States,APRD00785,2016-03-23,5886039,False
2006-08-14,United States,APRD01081,2026-08-14,7977324,False
1999-01-29,United States,APRD00304,2019-01-29,6136794,False
2007-04-13,United States,APRD01308,2027-04-13,9855278,False
2008-07-10,United States,APRD00311,2028-07-10,9833419,False
2010-06-16,United States,DB05347,2030-06-16,8592434,False
2006-03-03,United States,DB08298,2026-03-03,9693979,False
1994-11-08,United States,APRD00991,2011-11-08,5362475,False
2003-04-15,United States,APRD01178,2023-04-15,6696481,False
1998-02-03,Canada,APRD00420,2011-04-22,2040955,False
2010-02-24,United States,APRD01246,2030-02-24,8808716,False
2003-10-05,United States,DB01693,2023-10-05,6790837,True
2004-01-08,United States,DB05564,2024-01-08,9814705,False
2015-03-31,United States,APRD00529,2035-03-31,9808468,False
1995-09-22,United States,DB05893,2015-09-22,5714520,True
1998-05-21,United States,APRD00071,2018-05-21,5859006,True
2007-08-01,United States,APRD01604,2027-08-01,9233184,False
2006-01-31,Canada,DB07699,2014-09-12,2171627,False
2016-04-20,United States,APRD00432,2036-04-20,9943526,False
1997-07-17,United States,APRD00275,2017-07-17,6103260,False
1995-10-11,United States,APRD00039,2015-10-11,5061703,True
2007-01-26,United States,APRD00896,2027-01-26,9925156,False
1995-08-28,United States,APRD00634,2015-08-28,5855912,True
2003-02-21,United States,APRD00557,2023-02-21,8623868,False
1999-11-12,United States,DB05277,2019-11-12,6559183,False
2002-12-17,Canada,APRD00508,2012-05-19,2068957,False
1998-06-03,United States,APRD00197,2018-06-03,6656482,False
2008-12-23,United States,APRD00699,2028-12-23,8613950,False
1994-10-18,Canada,APRD00254,2011-10-18,1332610,False
2004-08-30,United States,EXPT01437,2024-08-30,9763920,False
1966-06-17,United States,APRD00736,1986-06-17,3466376,False
1994-05-03,Canada,DB04507,2011-05-03,1329211,False
1999-12-15,United States,APRD01302,2019-12-15,5723606,False
1997-01-29,United States,APRD01078,2017-01-29,5800807,False
2015-11-13,United States,APRD01005,2035-11-13,9549907,False
2004-05-25,Canada,APRD00950,2012-08-12,2115170,False
1998-09-11,United States,DB02439,2018-09-11,5989591,True
2006-04-25,United States,APRD00545,2026-04-25,7427574,False
2013-12-19,United States,APRD00226,2033-12-19,9732092,False
1994-08-23,Canada,APRD00523,2011-08-23,1331615,False
2000-09-08,United States,APRD00455,2020-09-08,6784177,False
2006-01-16,United States,DB02782,2026-01-16,8246989,False
1994-07-02,United States,APRD00394,2011-07-02,5034230,False
2006-03-07,United States,APRD00249,2026-03-07,9382191,False
2004-09-28,United States,APRD01002,2024-09-28,9913910,False
1995-09-29,United States,APRD01053,2015-09-29,5624668,False
1996-06-21,United States,APRD00738,2016-06-21,5897031,False
1998-03-10,United States,APRD01216,2018-03-10,5866591,True
1996-05-28,Canada,DB02392,2011-01-03,2072573,False
2009-11-23,United States,APRD00481,2029-11-23,8580830,False
2001-01-31,United States,DB06863,2021-01-31,9579270,False
1996-04-29,United States,APRD00344,2016-04-29,5866590,False
2017-02-07,United States,APRD00080,2037-02-07,9867815,False
1996-01-26,United States,APRD00136,2016-01-26,RE38115,False
1998-10-08,United States,APRD01165,2018-10-08,6136799,True
2002-02-26,Canada,APRD00439,2011-06-21,2111851,False
2010-03-13,United States,APRD00787,2030-03-13,8252331,False
2008-02-19,United States,APRD00631,2028-02-19,7893097,False
1995-07-14,United States,APRD00927,2012-07-14,5269321,False
1995-11-07,United States,APRD00169,2015-11-07,5565447,True
2002-02-14,United States,APRD00670,2022-02-14,9931305,False
2003-11-14,United States,APRD00213,2023-11-14,9375410,False
1995-11-02,United States,APRD00296,2015-11-02,5667794,True
1993-05-03,United States,DB05379,2010-05-03,5698225,False
2002-10-17,United States,APRD00883,2022-10-17,7229613,True
1999-12-22,United States,APRD01306,2019-12-22,5852195,True
2004-08-02,United States,APRD01158,2024-08-02,8420688,False
2000-10-11,United States,APRD00277,2020-10-11,9861771,False
2003-02-28,United States,EXPT00475,2023-02-28,8206741,False
2001-07-09,United States,APRD00654,2021-07-09,8466139,True
1992-09-26,United States,APRD00505,2009-09-26,4978680,False
1995-08-28,United States,APRD00349,2015-08-28,5738872,True
1993-07-07,United States,APRD00220,2010-07-07,4997841,False
1998-12-01,Canada,APRD00008,2012-01-28,2060139,False
2011-12-21,United States,DB09475,2031-12-21,9872837,False
1999-12-09,United States,APRD00569,2019-12-09,6214815,True
2004-01-16,United States,APRD00831,2024-01-16,9561277,False
1993-05-18,United States,APRD00012,2010-05-18,5212196,False
2002-10-06,United States,APRD01247,2022-10-06,8003679,False
1995-12-07,United States,APRD00324,2015-12-07,5607697,True
1998-10-05,United States,APRD00580,2018-10-05,6284770,False
2005-11-22,United States,APRD00813,2025-11-22,9919050,False
2002-07-25,United States,APRD00619,2022-07-25,7030106,True
1997-01-18,United States,APRD00360,2017-01-18,6015577,False
1995-09-24,United States,APRD00483,2015-09-24,D459798,False
2000-03-29,United States,APRD00691,2020-03-29,6652880,False
1999-07-22,United States,APRD01213,2019-07-22,6034239,False
2001-09-21,United States,APRD00140,2021-09-21,8952064,False
2001-06-22,United States,APRD00641,2021-06-22,9730890,False
2001-06-27,United States,DB06583,2021-06-27,9931304,False
2007-01-23,United States,APRD00499,2027-01-23,9271931,False
1999-01-08,United States,APRD00321,2019-01-08,6316023,False
2006-04-18,Canada,APRD00144,2021-04-25,2409059,False
1997-05-16,United States,APRD00030,2017-05-16,6030643,False
1996-03-08,United States,APRD01105,2016-03-08,6034267,False
2002-10-25,United States,APRD00015,2022-10-25,7731989,False
1995-05-16,Canada,DB05847,2012-05-16,1335565,False
1995-10-27,United States,APRD00270,2015-10-27,5827871,False
2002-03-03,United States,APRD00092,2022-03-03,9023893,False
2000-10-11,United States,APRD00553,2020-10-11,9861771,False
1994-10-13,United States,APRD00110,2014-10-13,5708011,False
2014-09-02,United States,EXPT01540,2034-09-02,9486530,False
2009-12-09,United States,APRD01066,2029-12-09,8962630,False
1994-03-30,United States,APRD00664,2014-03-30,5430057,False
2006-09-22,United States,APRD00872,2026-09-22,9375405,False
2015-03-11,United States,APRD00876,2035-03-11,9855334,False
2006-08-02,United States,APRD00141,2026-08-02,9192616,False
2000-01-14,United States,APRD00233,2020-01-14,6303146,True
2002-03-29,United States,APRD00547,2022-03-29,6682348,False
2001-06-20,United States,APRD00075,2021-06-20,6287599,True
1998-02-27,United States,EXPT02208,2018-02-27,6306900,False
1994-11-08,United States,APRD00795,2011-11-08,5362737,False
1998-10-19,United States,APRD00401,2018-10-19,8026238,False
1995-12-07,United States,APRD00413,2015-12-07,5994348,True
2004-12-10,United States,APRD00687,2024-12-10,8158645,False
1994-08-12,United States,APRD00509,2014-08-12,5656296,False
2000-05-11,United States,APRD00146,2020-05-11,6911217,True
1996-03-01,United States,APRD00525,2016-03-01,6423342,False
2000-08-20,United States,DB09545,2020-08-20,7101574,False
2003-12-09,United States,APRD01251,2023-12-09,7230012,False
2013-02-27,United States,APRD00118,2033-02-27,9493582,False
1995-10-11,United States,APRD00221,2015-10-11,5061703,True
1996-06-05,United States,APRD00996,2016-06-05,5880283,True
2002-11-14,United States,APRD01298,2022-11-14,8389542,False
2001-12-21,United States,APRD00978,2021-12-21,6765001,False
2007-10-05,United States,APRD00216,2027-10-05,8129385,False
2012-03-16,United States,APRD00372,2032-03-16,9072661,False
1958-01-15,United States,APRD00942,1978-01-15,2911430,False
2000-04-04,United States,APRD00248,2020-04-04,6746692,False
1995-11-22,United States,APRD00427,2015-11-22,5674895,True
1996-10-14,United States,APRD00850,2016-10-14,5958915,False
1999-03-26,United States,APRD00436,2019-03-26,RE44459,False
2009-09-03,United States,APRD00804,2029-09-03,8148374,False
1998-12-10,United States,APRD00594,2018-12-10,7547776,False
2002-05-30,United States,DB06975,2022-05-30,8263647,False
1998-08-11,United States,APRD00055,2018-08-11,6455574,False
1993-04-26,United States,APRD00096,2013-04-26,5510353,False
1998-07-06,United States,APRD00255,2018-07-06,6004996,True
1993-12-08,United States,APRD00946,2013-12-08,5441958,False
1993-10-18,United States,APRD00833,2010-10-18,5021458,False
2000-10-13,United States,APRD00346,2020-10-13,6242003,True
1996-07-08,United States,APRD00546,2016-07-08,RE37314,True
1994-03-01,Canada,APRD00203,2011-03-01,1327358,False
1993-08-10,United States,APRD00802,2010-08-10,5234404,False
2000-04-11,United States,DB08567,2020-04-11,7067555,True
1993-01-25,United States,APRD00456,2013-01-25,5436272,False
2002-09-11,United States,APRD01115,2022-09-11,8518442,False
1994-04-12,Canada,APRD00285,2011-04-12,1328405,False
2012-01-03,United States,DB09440,2032-01-03,9107921,False
1993-11-23,United States,APRD00590,2010-11-23,5264446,False
2005-03-22,Canada,APRD00805,2013-11-25,2150234,False
2009-03-13,United States,APRD00288,2029-03-13,7635773,False
2002-07-09,Canada,APRD00460,2019-05-27,2273420,False
1995-11-20,United States,APRD00385,2015-11-20,5565467,False
1998-01-16,United States,APRD00943,2018-01-16,5993830,False
1995-09-12,Canada,APRD01212,2012-09-12,1336958,False
2009-02-03,United States,APRD00653,2029-02-03,9320714,False
1994-02-15,Canada,APRD01259,2011-02-15,1327009,False
1995-12-07,United States,APRD00091,2015-12-07,RE40000,True
2002-08-26,United States,DB06085,2022-08-26,6806256,True
2001-01-08,United States,APRD01114,2021-01-08,6774104,False
2008-04-11,United States,APRD00398,2028-04-11,9907780,False
1997-12-08,United States,APRD00021,2017-12-08,5994409,False
1994-05-31,United States,APRD00305,2014-05-31,5135943,False
1998-03-20,United States,APRD00053,2018-03-20,6723734,False
2005-03-26,United States,APRD00621,2025-03-26,7375111,False
1998-05-18,United States,APRD00268,2018-05-18,6017922,False
1993-06-29,United States,APRD00667,2010-06-29,5212176,False
2001-11-29,United States,APRD00840,2021-11-29,7084130,False
1995-03-27,United States,APRD00502,2012-03-27,5401741,False
1997-05-12,United States,APRD00040,2017-05-12,8591948,False
1998-11-10,United States,APRD00171,2018-11-10,8273379,False
2003-02-12,United States,APRD00683,2023-02-12,6916941,True
1994-07-16,United States,APRD00007,2011-07-16,5252341,False
1994-10-28,United States,APRD00261,2014-10-28,5681588,False
2002-02-14,United States,APRD00025,2022-02-14,9931305,False
1992-10-19,United States,APRD00663,2009-10-19,5114948,False
1997-09-16,United States,APRD00871,2017-09-16,8227490,False
1994-10-08,United States,APRD00907,2014-10-08,5617906,False
2006-12-02,United States,APRD00566,2026-12-02,9789057,False
2003-02-04,United States,APRD00158,2023-02-04,8309122,False
2010-06-17,United States,APRD00475,2030-06-17,9421265,False
1993-08-24,United States,APRD00164,2010-08-24,5238924,False
2010-06-07,United States,APRD00622,2030-06-07,9895422,False
2014-03-14,United States,APRD01068,2034-03-14,9339489,False
1993-02-04,United States,APRD01231,2010-02-04,4795751,False
1997-06-15,United States,APRD00181,2017-06-15,6551616,False
2007-06-30,United States,APRD00985,2027-06-30,7553863,False
1998-10-23,United States,DB07774,2018-10-23,5942519,False
1995-10-24,Canada,APRD00016,2012-10-24,1337420,False
2002-06-13,United States,APRD00901,2022-06-13,9884044,False
2009-07-24,United States,APRD01218,2029-07-24,9629828,False
2000-06-09,United States,APRD00442,2020-06-09,9532954,False
1997-11-28,United States,APRD00675,2017-11-28,5948437,True
2002-07-30,Canada,APRD00068,2011-06-25,2045433,False
2014-01-12,United States,DB05526,2034-01-12,9511046,False
1995-12-06,United States,APRD00623,2015-12-06,6008228,True
1997-07-11,United States,APRD00665,2017-07-11,6413549,False
2002-09-05,United States,APRD00674,2022-09-05,7560120,False
2008-12-26,United States,EXPT01107,2028-12-26,9901640,False
1997-07-27,United States,APRD00219,2017-07-27,6444859,True
2010-11-04,United States,APRD00638,2030-11-04,9941931,False
2007-03-15,United States,APRD00949,2027-03-15,8318802,False
2013-09-30,United States,APRD00932,2033-09-30,9308195,False
1994-07-12,United States,DB01249,2011-07-12,RE36418,False
2005-02-04,United States,DB01254,2025-02-04,8680103,False
2003-02-24,United States,DB01255,2023-02-24,7105486,False
2004-08-30,United States,DB01256,2024-08-30,8207191,False
2010-04-13,Canada,DB01257,2015-04-30,2189015,False
2001-11-19,United States,DB02584,2021-11-19,7157466,False
2005-08-31,United States,DB01260,2025-08-31,9492384,False
2010-10-21,United States,DB07214,2030-10-21,9308204,False
2009-03-13,United States,DB01263,2029-03-13,9750822,False
1999-06-23,United States,EXPT00002,2019-06-23,9889115,False
2003-09-11,United States,DB01265,2023-09-11,7858594,False
2005-07-12,United States,DB01266,2025-07-12,9770406,False
2011-01-26,United States,DB01267,2031-01-26,9439906,False
2001-02-15,United States,DB07417,2021-02-15,7125905,False
2008-06-10,Canada,DB01270,2018-04-03,2286330,False
2008-04-29,Canada,DB01272,2021-07-10,2416492,False
2002-08-03,United States,DB01273,2022-08-03,7265119,False
2001-11-09,United States,DB01274,2021-11-09,7145036,False
2000-09-08,United States,DB01275,2020-09-08,6784177,False
2006-08-18,United States,DB01276,2026-08-18,9884092,False
1997-09-18,United States,DB01277,2017-09-18,5681814,False
1997-09-05,United States,DB01278,2017-09-05,6114304,False
1997-06-13,United States,DB01280,2017-06-13,5424295,False
2007-05-22,Canada,DB01281,2012-06-16,2110518,False
2013-05-01,United States,DB01306,2033-05-01,9884094,False
2006-07-17,United States,DB01307,2026-07-17,9775953,False
2004-03-02,United States,DB01309,2024-03-02,9827379,False
2000-01-15,United States,DB01319,2020-01-15,6514953,True
1993-08-24,Canada,DB01332,2010-08-24,1321580,False
2004-03-08,United States,DB01340,2024-03-08,20060293517,False
2003-03-07,United States,DB01345,2023-03-07,6946149,False
1996-09-18,United States,EXPT02758,2016-09-18,6126968,False
2014-06-23,United States,DB01377,2034-06-23,9827231,False
2001-11-29,United States,DB01390,2021-11-29,7084130,False
2013-08-22,United States,DB01394,2033-08-22,9789108,False
2010-02-08,United States,DB01395,2030-02-08,8617597,False
2010-04-19,United States,DB01409,2030-04-19,9010323,False
1998-05-13,United States,DB01410,2018-05-13,6120752,False
1992-10-01,United States,DB01415,2009-10-01,4634697,False
2005-08-16,Canada,DB01440,2019-12-22,2355293,False
1996-09-24,United States,DB01515,2016-09-24,5559123,False
2009-08-24,United States,DB01576,2029-08-24,8846100,False
1989-12-28,United States,DB01584,2009-12-28,5099001,False
2008-06-03,United States,DB01589,2028-06-03,7608616,False
2003-03-27,United States,DB01590,2023-03-27,8617598,True
1999-05-19,United States,APRD00168,2019-05-19,6017927,True
1999-04-06,United States,DB01592,2019-04-06,6667050,False
2001-11-28,United States,EXPT00388,2021-11-28,8501219,False
2014-03-14,United States,EXPT03012,2034-03-14,9872906,False
2014-11-21,United States,DB01609,2034-11-21,9283209,False
2007-12-11,United States,DB01610,2027-12-11,8889109,False
2003-02-19,United States,EXPT02802,2023-02-19,9468598,False
2008-08-07,United States,DB06593,2028-08-07,8957054,False
2011-06-10,United States,EXPT02131,2031-06-10,9119781,False
1997-01-07,United States,DB04402,2017-01-07,D468424,False
2003-03-04,United States,EXPT02902,2023-03-04,7652069,False
1999-04-29,United States,EXPT00412,2019-04-29,6261546,False
2001-11-29,United States,DB09544,2021-11-29,7084130,False
2008-02-21,United States,DB07690,2028-02-21,9636349,False
1989-10-09,United States,DB11615,2002-10-01,US4946849 A,False
2014-06-23,United States,EXPT00922,2034-06-23,9827231,False
1998-06-19,United States,DB09294,2018-06-19,6248726,False
1993-04-14,United States,DB04834,2013-04-14,5418226,False
2001-05-25,United States,DB04835,2021-05-25,7576097,False
2001-03-28,United States,DB04845,2021-03-28,RE41911,True
2004-03-08,United States,DB03786,2024-03-08,7361676,False
1998-06-19,United States,DB04855,2018-06-19,7323493,False
2007-10-04,United States,DB04861,2027-10-04,7838552,False
2003-06-28,United States,DB04865,2023-06-28,6987103,False
2012-10-07,United States,DB04868,2032-10-07,9061029,True
2011-08-31,United States,DB04871,2031-08-31,9770455,False
2003-07-30,United States,DB04890,2023-07-30,8877168,False
1996-08-03,United States,DB04895,2016-08-03,5932462,False
2009-09-19,United States,DB04896,2029-09-19,7994220,False
2012-03-06,United States,DB04897,2013-11-17,5407914,False
1997-08-05,Canada,DB04899,2014-08-05,1339210,False
2002-10-16,United States,DB04908,2022-10-16,9468639,False
2010-04-26,United States,DB04911,2030-04-26,9682061,False
2011-10-10,United States,DB04920,2031-10-10,8658676,False
2004-02-13,United States,DB04938,2024-02-13,9855224,False
2011-10-31,United States,DB04941,2031-10-31,9585868,False
2010-08-31,United States,DB04946,2030-08-31,8652776,False
2002-01-25,United States,DB04951,2022-01-25,9561217,False
2006-12-18,United States,DB05013,2026-12-18,9861603,False
2007-10-27,United States,DB05015,2027-10-27,8835501,False
2001-06-27,United States,DB05039,2021-06-27,9931304,False
2007-10-03,United States,DB05084,2027-10-03,8748382,False
2008-01-07,United States,DB05109,2028-01-07,8895557,False
2007-02-16,United States,DB05219,2027-02-16,9682092,False
2007-02-01,United States,DB05239,2027-02-01,7803839,False
1966-02-08,United States,DB08977,1983-02-08,3234106,False
2010-08-19,United States,APRD00999,2030-08-19,9402874,False
2012-03-01,United States,DB05271,2032-03-01,9925150,False
1997-09-23,United States,DB08764,2017-09-23,RE42353,False
2002-07-27,United States,DB05316,2022-07-27,9765053,False
1993-03-26,United States,DB05345,2013-03-26,5502047,False
1999-11-17,United States,DB05351,2019-11-17,6238994,True
2005-02-25,United States,DB05521,2025-02-25,7820671,False
2003-09-05,United States,DB05528,2023-09-05,7101993,False
2001-02-21,United States,DB05541,2021-02-21,8492416,False
2011-11-02,United States,DB05578,2031-11-02,2013067098,False
2014-05-29,United States,DB05676,2034-05-29,9872854,False
2007-08-24,United States,DB05812,2027-08-24,8822438,False
2002-02-21,United States,DB05990,2022-02-21,8377916,False
2008-10-27,United States,DB06014,2028-10-27,9243245,False
2008-12-16,United States,DB06016,2028-12-16,7943621,False
2012-05-08,United States,DB05436,2032-05-08,9561204,False
2001-08-22,United States,DB06176,2021-08-22,7608280,False
2007-08-07,Canada,DB06186,2020-08-08,2381770,False
1999-07-15,United States,DB06196,2019-07-15,5648333,False
2003-05-14,United States,DB06201,2023-05-14,6740669,True
2009-05-24,United States,DB06203,2029-05-24,8900638,False
2003-11-20,United States,DB06204,2023-11-20,8420056,False
2007-09-23,United States,DB06205,2027-09-23,7767429,False
2001-01-27,United States,DB06206,2021-01-27,RE44733,False
1998-12-01,United States,DB06207,2018-12-01,5387603,False
1997-10-14,United States,DB06209,2017-10-14,5288726,True
2008-02-01,United States,DB06210,2028-02-01,8828430,True
2001-03-30,United States,DB06211,2021-03-30,8247402,False
2006-09-01,United States,DB06212,2026-09-01,8501730,False
1999-06-22,United States,DB06213,2019-06-22,9045519,False
2000-03-08,United States,DB06215,2020-03-08,8926947,False
2006-10-06,United States,DB06216,2026-10-06,8022228,True
2002-03-17,United States,DB06218,2022-03-17,RE38551,False
2003-11-14,United States,DB06219,2023-11-14,7115564,False
2004-11-13,United States,DB08477,2024-11-13,9415053,False
2003-05-05,United States,DB06237,2023-05-05,7501409,False
1977-07-11,United States,DB06243,1997-07-11,4330559,False
2000-11-06,United States,DB06261,2020-11-06,7348361,False
2004-11-23,Canada,DB06268,2014-05-20,2161346,False
2000-12-12,Canada,DB06273,2017-12-12,1341152,False
2010-02-12,United States,DB06274,2030-02-12,8946262,False
2007-10-16,United States,DB06282,2027-10-16,8633194,False
2004-10-01,United States,DB06283,2024-10-01,9707270,False
2005-03-25,United States,DB05581,2025-03-25,7517334,False
2004-01-25,United States,DB06287,2024-01-25,8299116,True
2006-07-28,United States,DB06290,2026-07-28,9856265,False
2010-01-18,United States,DB06292,2030-01-18,8721615,False
2012-10-01,United States,DB06317,2032-10-01,2014055370,False
2005-07-13,United States,DB06335,2025-07-13,9339472,False
2012-12-18,Canada,DB06366,2025-10-19,2579861,False
2008-02-27,United States,DB06372,2020-01-01,8080248,False
1999-05-06,United States,DB06401,2019-05-06,8815934,False
2001-05-01,United States,DB06402,2021-05-01,8158580,False
2011-10-14,United States,DB06403,2031-10-14,9549926,False
2001-07-18,United States,DB06410,2021-07-18,6903083,False
2004-06-18,United States,DB06413,2024-06-18,7132570,True
1999-03-25,United States,DB07191,2019-03-25,7887845,False
2009-05-13,United States,DB06441,2029-05-13,9925265,False
2003-10-19,United States,DB06589,2023-10-19,7105530,False
2010-09-21,United States,DB06590,2030-09-21,9629861,False
2002-10-29,United States,DB06595,2022-10-29,8222244,False
2008-01-17,United States,DB06603,2028-01-17,7989494,False
2011-02-24,United States,DB07828,2031-02-24,9326945,False
2007-04-30,United States,DB06612,2027-04-30,2008134721,False
1999-11-05,United States,DB03655,2019-11-05,6503745,False
2005-12-11,United States,DB06616,2025-12-11,7919625,False
2010-08-05,United States,DB06626,2030-08-05,8791140,False
2000-10-31,United States,DB06636,2020-10-31,6812238,False
2004-12-13,United States,DB06637,2024-12-13,9918973,False
2012-03-13,Canada,DB06643,2019-05-13,2328140,False
2012-07-28,United States,DB06650,2032-07-28,8975282,False
2008-12-10,United States,DB06654,2028-12-10,8076515,False
2006-07-17,United States,DB06655,2026-07-17,9775953,False
2008-05-23,United States,DB06663,2028-05-23,9351923,False
1999-09-29,United States,DB06684,2019-09-29,5532241,False
2007-03-22,United States,DB06688,2027-03-22,8153120,False
2003-06-14,United States,DB06695,2023-06-14,9925174,False
2012-04-27,United States,DB06699,2032-04-27,9415085,False
2007-07-05,United States,DB06700,2027-07-05,8269040,False
1999-11-01,United States,DB06701,2019-11-01,6730325,False
2007-06-07,United States,DB06702,2027-06-07,8501723,False
1996-11-09,United States,DB06703,2016-11-09,5980864,False
2000-05-04,United States,DB06705,2020-05-04,6676929,False
1995-11-20,United States,DB06713,2015-11-20,5876746,False
1998-08-07,United States,DB05279,2018-08-07,6872838,False
1999-09-04,United States,DB06717,2019-09-04,5691336,True
2006-11-21,United States,DB05543,2020-08-18,7138262,False
1998-03-30,United States,DB06724,2018-03-30,5989588,True
2014-02-07,United States,DB06760,2034-02-07,9469847,False
1996-04-20,United States,DB06766,2016-04-20,5468743,False
2013-03-15,United States,DB06769,2033-03-15,9572887,False
2004-05-19,United States,DB06770,2024-05-19,7294342,False
2010-03-12,United States,DB05862,2030-03-12,8604020,False
1996-03-26,United States,DB06772,2016-03-26,6331635,False
1996-11-06,United States,DB05318,2016-11-06,6239180,False
1999-11-18,United States,DB06781,2019-11-18,6114319,True
1998-06-16,United States,DB06785,2018-06-16,6653286,False
1972-11-24,United States,DB06786,1992-11-24,3892857,False
2006-06-16,United States,DB06788,2026-06-16,8062652,False
2014-02-11,United States,DB06789,2034-02-11,9789257,False
2000-03-08,United States,DB06791,2020-03-08,5595760,False
2010-12-01,United States,DB06792,2030-12-01,9023397,False
2009-09-30,United States,DB06800,2029-09-30,9492445,False
2010-12-01,United States,DB06802,2030-12-01,9662398,False
1998-12-10,United States,DB06809,2018-12-10,RE42152,False
2012-05-12,United States,DB06811,2032-05-12,9480652,False
2005-05-31,United States,DB05527,2025-05-31,8299078,False
2011-04-21,United States,DB05355,2031-04-21,9649311,True
1995-07-07,United States,DB06825,2015-07-07,5776885,False
1998-11-24,United States,DB06826,2018-11-24,6770675,False
2004-08-23,United States,DB06827,2018-08-23,7326782,False
2006-05-26,United States,DB08815,2026-05-26,9907794,False
1999-12-02,United States,DB04902,2019-12-02,RE46276,False
1997-12-18,United States,DB08819,2017-12-18,5886035,False
2006-12-28,United States,DB05989,2026-12-28,9931334,False
2005-05-22,United States,DB05358,2025-05-22,7157584,False
2003-07-25,United States,DB08823,2023-07-25,6063771,False
1994-05-10,United States,DB09548,2013-02-25,5310912,False
2009-10-29,United States,DB08826,2029-10-29,8703156,False
2005-03-07,United States,DB08827,2025-03-07,9861622,False
2008-11-11,United States,DB08828,2028-11-11,7888364,False
2011-01-19,United States,DB06514,2031-01-19,8829186,False
2004-01-13,United States,DB05083,2024-01-13,9744181,False
2005-03-01,United States,DB08700,2025-03-01,8785632,False
2010-06-02,United States,DB05366,2030-06-02,8512745,False
2006-09-29,United States,DB08868,2026-09-29,8324283,True
2000-05-26,United States,DB08869,2020-05-26,5861379,False
2003-07-20,United States,DB04940,2023-07-20,6214865,False
2002-11-06,United States,DB04922,2022-11-06,6818787,False
2002-02-22,United States,DB05665,2022-02-22,RE43298,False
2004-04-12,United States,DB08874,2024-04-12,8586551,False
2012-02-10,United States,DB05153,2032-02-10,9717720,False
2004-02-24,United States,DB08876,2024-02-24,8227230,False
2006-12-12,United States,DB08877,2026-12-12,9662335,False
2009-06-16,Canada,DB08879,2021-06-15,2407910,False
2010-09-14,United States,DB03805,2030-09-14,8802735,False
2012-06-06,United States,DB05238,2032-06-06,9447089,False
2014-06-11,United States,DB08882,2034-06-11,9949998,False
2006-05-16,United States,DB08883,2026-05-16,8772497,False
1995-08-25,United States,DB08884,2015-08-25,5798092,False
2008-05-20,United States,DB08885,2020-05-23,7374757,False
2000-01-27,United States,DB06291,2020-01-27,8188146,False
2009-10-21,United States,DB08889,2029-10-21,9511109,False
2013-08-16,United States,DB05566,2033-08-16,9708371,False
2003-11-04,United States,DB05702,2023-11-04,7342117,False
2004-05-12,United States,DB08894,2024-05-12,7919118,False
2014-03-14,United States,DB08183,2034-03-14,9937181,False
2011-04-08,United States,DB08896,2031-04-08,9458107,False
2000-07-07,United States,DB08897,2020-07-07,9333195,False
2007-08-13,United States,DB05094,2027-08-13,7709517,False
2005-11-01,United States,DB08900,2025-11-01,9572867,False
2013-12-12,United States,DB06300,2033-12-12,9493470,False
2009-03-19,United States,DB08903,2029-03-19,8546428,False
2010-09-28,Canada,DB08904,2021-06-05,2380298,False
2010-11-29,United States,DB08906,2030-11-29,9750762,False
2007-07-14,United States,DB08907,2027-07-14,7943788,False
1999-10-29,United States,DB08908,2019-10-29,8759393,False
2012-03-09,United States,DB06170,2032-03-09,9326966,False
1996-08-10,United States,DB08910,2016-08-10,8158653,False
2010-10-15,United States,DB08911,2030-10-15,8952018,False
2010-10-15,United States,DB08912,2030-10-15,8952018,False
2000-01-03,United States,DB09566,2020-01-03,6635234,False
2006-11-09,United States,DB08916,2026-11-09,9539258,False
2003-10-20,United States,DB08917,2023-10-20,9376505,False
2012-05-23,United States,DB08918,2032-05-23,8865937,False
2007-10-05,United States,DB08930,2027-10-05,8129385,False
1999-07-16,United States,DB08931,2019-07-16,6743798,False
2002-10-12,United States,DB08932,2022-10-12,7094781,False
2013-09-06,United States,DB08933,2033-09-06,9453006,False
2012-11-16,United States,DB08934,2032-11-16,9868745,False
1973-12-14,United States,DB08992,1993-03-11,3995047,False
1966-11-08,United States,DB08996,1986-11-08,3284454,False
1971-05-13,United States,DB09013,1991-05-13,3853923,False
1958-04-08,United States,DB09014,1978-04-08,2830088,False
1974-03-02,United States,DB09017,1994-03-02,4094984,False
1964-02-28,United States,DB09018,1984-02-28,3357978,False
2002-10-22,United States,DB09020,2022-10-22,7291324,False
1966-04-12,United States,DB09021,1986-04-12,3399201,False
2002-03-03,United States,DB01258,2022-03-03,9023893,False
2010-05-12,United States,DB09027,2030-05-12,9511056,False
2010-10-08,United States,DB09029,2020-10-08,20130202610,False
2004-05-30,United States,DB05692,2024-05-30,7713999,False
1998-01-22,United States,DB09031,2018-01-22,1999037289,False
2012-05-02,United States,DB05802,2032-05-02,2012151248,False
2009-11-20,United States,DB09034,2029-11-20,7951797,False
2013-05-13,United States,DB06132,2033-05-13,2013173223,False
2007-08-01,United States,DB09036,2027-08-01,7612182,False
2012-03-29,United States,DB09037,2032-03-29,2012135408,False
2014-05-17,United States,DB09038,2034-05-17,9949997,False
2002-04-29,United States,DB05715,2022-04-29,7253185,False
2008-01-03,United States,DB09040,2028-01-03,9877955,False
2006-02-16,United States,DB05058,2026-02-16,9572823,False
2010-12-31,United States,DB09042,2030-12-31,8426389,False
2009-02-27,United States,DB09046,2029-02-27,8470772,False
2013-11-21,United States,DB09047,2033-11-21,9504691,False
2011-09-09,United States,DB09048,2031-09-09,9271975,False
2007-12-19,United States,DB09049,2027-12-19,7786133,False
2014-03-14,United States,DB09050,2034-03-14,9872906,False
2008-11-07,United States,DB09052,2028-11-07,20130323247,False
2016-03-03,United States,DB09053,2036-03-03,9655857,False
2010-03-11,United States,DB09054,2030-03-11,9492449,False
2012-06-15,United States,DB09060,2032-06-15,9695122,False
2003-01-31,United States,DB09063,2023-01-31,9416112,False
1999-06-23,United States,DB09065,2019-06-23,9889115,False
2007-06-15,United States,DB05700,2027-06-15,9861630,False
2013-01-25,United States,DB05359,2033-01-25,9855241,False
2013-03-15,United States,DB09072,2033-03-15,9486426,False
2003-01-16,United States,DB09073,2023-01-16,7208489,False
2009-12-31,United States,DB05940,2029-12-31,8475842,False
2003-06-12,United States,DB09075,2023-06-12,7365205,False
2010-11-29,United States,DB09076,2030-11-29,9750762,False
2014-02-18,United States,DB09077,2038-02-18,20140170155,False
2006-09-19,United States,DB09078,2026-09-19,7612208,False
2009-06-07,United States,DB09079,2029-06-07,9907756,False
2003-11-10,United States,DB09080,2023-11-10,7786111,False
2010-11-29,United States,DB06577,2030-11-29,9750762,False
2006-04-17,United States,DB09083,2026-04-17,7361649,False
2010-04-02,United States,DB09085,2030-04-02,9308191,False
2002-12-23,United States,DB09096,2022-12-23,9814690,False
2009-09-03,United States,DB05618,2029-09-03,9891239,False
2007-08-08,United States,DB09102,2027-08-08,9421192,False
1998-03-30,United States,DB09104,2018-03-30,5989588,True
2004-04-21,United States,DB09105,2026-07-15,7763712,False
2007-09-11,Canada,DB06279,2020-06-28,2310536,False
2011-03-29,United States,DB09112,2031-03-29,9345724,False
2012-08-24,United States,DB09119,2032-08-24,9750747,False
1996-10-25,United States,DB09123,2016-10-25,6884793,False
2001-03-16,United States,DB09126,2021-03-16,6706681,False
2006-04-12,United States,DB09128,2026-04-12,9839637,False
2002-08-16,United States,DB09142,2022-08-16,6803046,False
2009-09-15,United States,DB09143,2029-09-15,8063043,False
1998-07-10,United States,DB05425,2018-07-10,6258795,False
2010-01-23,United States,DB06790,2030-01-23,9561251,False
1996-12-31,United States,DB09147,2016-12-31,6689275,False
2009-03-18,United States,DB09148,2029-03-18,7807135,False
2007-04-30,United States,DB09149,2027-04-30,7687052,False
2008-09-16,United States,DB09151,2028-09-16,8916131,False
2001-11-29,United States,DB09153,2021-11-29,7084130,False
2015-01-02,United States,DB09183,2035-01-02,9744170,False
1972-06-13,United States,DB09206,1992-06-13,3669968,False
2013-10-08,United States,DB09263,2033-10-08,9925212,False
2015-12-10,United States,DB09265,2035-12-10,9950039,False
2013-09-27,United States,DB09266,2033-09-27,9439985,False
2014-06-23,United States,DB09268,2034-06-23,9827231,False
2008-07-07,United States,DB09272,2028-07-07,9789125,False
1998-12-14,United States,DB09275,2018-12-14,6350468,False
2006-12-28,United States,DB09280,2026-12-28,9931334,False
2004-09-01,United States,DB09287,2024-09-01,7658914,False
2012-07-14,United States,DB09291,2032-07-14,9101615,False
2006-11-08,United States,DB09292,2026-11-08,9388134,False
2015-01-02,United States,DB09296,2035-01-02,9744170,False
2015-01-02,United States,DB09297,2035-01-02,9744170,False
2013-12-19,United States,DB09299,2033-12-19,9732092,False
1995-07-26,United States,DB09317,2015-07-26,5908638,False
2001-02-12,United States,DB09318,2021-02-12,6855703,False
2008-03-30,United States,DB09321,2028-03-30,8147852,False
2012-07-25,United States,DB09330,2032-07-25,9732058,False
1998-07-23,United States,DB09335,2018-07-23,6194429,False
2006-12-16,United States,DB09343,2026-12-16,RE46284,False
2001-11-29,United States,DB09407,2021-11-29,7084130,False
1995-11-24,United States,DB09422,2015-11-24,5840757,False
2001-11-29,United States,DB09525,2021-11-29,7084130,False
2003-03-07,United States,DB09476,2023-03-07,6946149,False
1995-07-07,United States,DB09490,2015-07-07,5776894,False
2011-03-29,United States,DB09499,2031-03-29,9345724,False
1997-07-17,United States,DB09512,2017-07-17,6103260,False
2000-08-24,United States,DB09516,2020-08-24,6353029,False
2006-03-22,United States,DB09526,2026-03-22,7915243,False
2007-08-01,United States,DB09543,2027-08-01,9233184,False
2013-05-01,United States,DB09564,2033-05-01,9884094,False
1995-11-24,United States,DB09567,2015-11-24,5840757,False
2005-02-07,United States,DB09568,2025-02-07,7960370,False
2009-06-16,United States,DB09570,2029-06-16,8859504,False
2008-03-30,United States,DB09520,2028-03-30,8147852,False
2010-03-24,United States,DB11063,2030-03-24,8932610,False
2008-02-20,United States,DB11065,2028-02-20,7658918,False
2008-02-20,United States,DB11066,2028-02-20,7658918,False
1997-07-17,United States,DB11074,2017-07-17,6103260,False
2015-07-04,United States,DB11091,2035-07-04,9675639,False
1997-11-11,United States,DB11104,2017-11-11,5686060,False
2010-03-10,United States,DB11180,2030-03-10,9549999,False
2010-02-08,United States,DB11256,2030-02-08,8617597,False
1999-06-18,United States,DBSALT001574,2019-06-18,6406713,False
1999-06-18,United States,DBSALT001575,2019-06-18,6406713,False
2010-08-01,United States,DB11362,2030-08-01,8791122,False
2012-03-04,United States,DB11363,2032-03-04,9365514,False
2012-02-29,United States,DB11560,2032-02-29,8546436,False
2009-07-24,United States,DB11574,2029-07-24,7973040,False
2009-07-24,United States,DB11575,2029-07-24,7973040,False
2011-06-27,United States,DB11581,2031-06-27,8546399,False
2002-03-07,United States,DB11596,2022-03-07,6500829,False
2010-10-21,United States,DB11611,2030-10-21,9890141,False
2012-11-16,United States,DB11613,2032-11-16,9868745,False
1998-06-17,United States,DB11660,2018-06-17,6211233,False
2006-10-05,United States,DB11691,2026-10-05,RE46375,False
2006-11-24,United States,DB11703,2026-11-24,7459554,False
2009-12-09,United States,DB11730,2029-12-09,8962630,False
2009-04-24,United States,DB11793,2029-04-24,8436185,False
2013-12-19,United States,DB11799,2033-12-19,9732092,False
2010-10-21,United States,DB11827,2030-10-21,9308204,False
2005-12-29,United States,DB11828,2025-12-29,7399865,False
1995-07-07,United States,DB09503,2015-07-07,5776894,False
2009-12-16,United States,DB11842,2029-12-16,9867863,False
2007-03-27,United States,DB11901,2027-03-27,9388159,False
2007-11-08,United States,DB11915,2027-11-08,8357697,False
2009-12-28,United States,DB11943,2029-12-28,RE46617,False
2009-12-15,United States,DB12001,2029-12-15,7855211,False
2012-11-16,United States,DB12026,2032-11-16,9868745,False
2004-05-22,United States,DB12070,2024-05-22,8513255,False
2007-12-11,United States,DB12095,2027-12-11,7709493,False
2011-08-17,United States,DB12107,2031-08-17,8680136,False
2013-09-18,United States,DB12161,2033-09-18,9814708,False
2000-11-13,United States,DB12243,2020-11-13,6933310,False
2009-05-21,United States,DB12267,2029-05-21,9273077,False
2011-02-10,United States,DB12332,2031-02-10,9861638,False
2000-09-15,United States,DB06601,2020-09-15,8518977,False
2004-05-13,United States,DB12483,2024-05-13,7511041,False
2014-06-27,United States,DB12865,2034-06-27,9820938,False
1999-04-06,United States,DB12924,2019-04-06,6335447,False
2002-08-01,United States,DB05917,2022-08-01,6861409,False
2006-11-28,United States,DB13146,2026-11-28,9387266,False
2008-02-20,United States,DB13147,2028-02-20,7658918,False
2014-01-09,United States,DB13161,2034-01-09,9926559,False
2011-09-15,United States,DB06377,2031-09-15,9925231,False
2007-08-20,United States,DB13873,2027-08-20,7915247,False
2014-08-01,United States,DB13874,2034-08-01,9738625,False
2012-05-18,United States,DB13878,2032-05-18,8937150,False
2012-05-18,United States,DB13879,2032-05-18,8937150,False
2004-05-23,United States,DB13928,2024-05-23,7762994,False
2014-03-14,United States,DB13931,2034-03-14,9931336,False
2007-03-14,United States,DBSALT001033,2027-03-14,7718640,False
2004-02-18,United States,DB13949,2024-02-18,9757416,False
2001-12-21,United States,DBSALT000065,2021-12-21,7799771,False
1996-12-31,United States,DBSALT001314,2016-12-31,6689275,False
